
{"22" : [
    6.771800812603374,
    44.146164474493844
],
"23" : [
    7.242278966904308,
    44.10548991167042
],
"21" : [
    6.6981154283084265,
    44.43217375783041
],
"20" : [
    6.4892445751105186,
    44.55763915304533
],
"17" : [
    6.797054253507525,
    44.768749866402516
],
"16" : [
    6.467258169510842,
    44.85064085890639
],
"13" : [
    6.5552037919101735,
    45.03349938294724
],
"09" : [
    6.313353330311912,
    45.258351758144215
],
"11" : [
    6.912482882906772,
    45.25061299232115
],
"06" : [
    6.884999875906857,
    45.555492399946615
],
"10" : [
    6.61016980590918,
    45.40132870966758
],
"05" : [
    6.577190197509793,
    45.65163052462998
],
"03" : [
    6.826704712758499,
    45.893974773662734
],
"01" : [
    6.617833859560591,
    46.17253931752555
],
"02" : [
    6.392473202162449,
    45.867189324930365
],
"04" : [
    6.095656726564357,
    45.64859852579238
],
"07" : [
    5.776853845367441,
    45.35967428104735
],
"15" : [
    5.98022809716511,
    44.92156141246903
],
"12" : [
    6.178105747564132,
    45.11971060090585
],
"08" : [
    5.985724698565434,
    45.166905336465385
],
"18" : [
    5.826323257967033,
    44.71100893401601
],
"19" : [
    6.2165819573639,
    44.691474446326566
],
"14" : [
    5.408581551570194,
    44.97602359388114
],
"40" : [
    8.971670492153976,
    42.32253409539811
],
"41" : [
    9.136568534151934,
    41.95571120418808
],
"74" : [
    2.47138781631665,
    42.43935145445212
],
"73" : [
    2.1251019281198467,
    42.57307123572062
],
"71"  : [
    1.5644485853246977,
    42.54473033630552
],
"70" : [
    1.597428193724113,
    42.718621072452464
],
"72" : [
    1.9052378721220578,
    42.73880939175709
],
"69" : [
    1.1247204733282956,
    42.851742540295334
],
"68" : [
    0.5805569347324138,
    42.79530172772158
],
"67" : [
    0.3771826829347731,
    42.8275599301075
],
"66" : [
    -0.03506242206165666,
    42.90007936536813
],
"65" : [
    -0.49128033825823536,
    42.932282879956915
],
"64" : [
    -0.9749812614538769,
    43.05289615666962
]}